run_id,run_dir,config.artifact_dir,config.seed,config.set_seed,config.sfreq,config.bandpass_low,config.bandpass_high,config.convert_to_uV,config.normalize,config.normalization_method,config.learning_rate,config.subjects_to_use,config.paradigm,config.cv_folds,config.val_split,config.batch_size,config.n_epochs,config.early_stopping_patience,config.pretrained_url,config.device,meta.run_id,meta.artifact_dir,meta.subjects,meta.model,meta.pretrained_url,meta.global_metrics.mean_accuracy,meta.global_metrics.std_accuracy,meta.global_metrics.mean_balanced_accuracy,meta.global_metrics.std_balanced_accuracy,meta.global_metrics.n_subjects,meta.global_metrics.n_folds_total,global.mean_accuracy,global.std_accuracy,global.mean_balanced_accuracy,global.std_balanced_accuracy,global.n_subjects,global.n_folds_total
20260402_1104_05151661,/home/vegorov/Repos/eeg_jepa_research/artifacts/lee-2019-fine-tuning/SSVEP/20260402_1104_05151661,/home/vegorov/Repos/eeg_jepa_research/artifacts/lee-2019-fine-tuning,3008,True,128,0.5,40.0,False,True,robust,0.001,"[48, 49, 50, 51, 52, 53, 54]",SSVEP,5,0.2,24,5000,50,https://huggingface.co/braindecode/SignalJEPA/resolve/main/signal-jepa_16s-60_adeuwv4s.pth,auto,20260402_1104_05151661,/home/vegorov/Repos/eeg_jepa_research/artifacts/lee-2019-fine-tuning/SSVEP/20260402_1104_05151661,"['48', '49', '50', '51', '52', '53', '54']",SignalJEPA_PreLocal,https://huggingface.co/braindecode/SignalJEPA/resolve/main/signal-jepa_16s-60_adeuwv4s.pth,0.7814285714285714,0.24526537065149726,0.7814285714285714,0.24526537065149726,7,35,0.7814285714285714,0.24526537065149726,0.7814285714285714,0.24526537065149726,7,35
20260402_1121_5d6bbfb6,/home/vegorov/Repos/eeg_jepa_research/artifacts/lee-2019-fine-tuning/SSVEP/20260402_1121_5d6bbfb6,/home/vegorov/Repos/eeg_jepa_research/artifacts/lee-2019-fine-tuning,3008,True,128,0.5,40.0,False,True,robust,0.001,"[48, 49, 50, 52, 53, 54]",SSVEP,5,0.2,24,5000,50,https://huggingface.co/braindecode/SignalJEPA/resolve/main/signal-jepa_16s-60_adeuwv4s.pth,auto,20260402_1121_5d6bbfb6,/home/vegorov/Repos/eeg_jepa_research/artifacts/lee-2019-fine-tuning/SSVEP/20260402_1121_5d6bbfb6,"['48', '49', '50', '52', '53', '54']",SignalJEPA_PreLocal,https://huggingface.co/braindecode/SignalJEPA/resolve/main/signal-jepa_16s-60_adeuwv4s.pth,0.8449999999999999,0.20056171120131577,0.8449999999999999,0.20056171120131577,6,30,0.8449999999999999,0.20056171120131577,0.8449999999999999,0.20056171120131577,6,30
20260402_1127_908549c4,/home/vegorov/Repos/eeg_jepa_research/artifacts/lee-2019-fine-tuning/SSVEP/20260402_1127_908549c4,/home/vegorov/Repos/eeg_jepa_research/artifacts/lee-2019-fine-tuning,3008,True,128,0.5,40.0,False,True,robust,0.001,"[48, 49, 50, 51, 52, 53, 54]",SSVEP,5,0.2,32,5000,50,https://huggingface.co/braindecode/SignalJEPA/resolve/main/signal-jepa_16s-60_adeuwv4s.pth,auto,20260402_1127_908549c4,/home/vegorov/Repos/eeg_jepa_research/artifacts/lee-2019-fine-tuning/SSVEP/20260402_1127_908549c4,"['48', '49', '50', '51', '52', '53', '54']",SignalJEPA_PreLocal,https://huggingface.co/braindecode/SignalJEPA/resolve/main/signal-jepa_16s-60_adeuwv4s.pth,0.7842857142857141,0.24135670950791857,0.7842857142857141,0.24135670950791857,7,35,0.7842857142857141,0.24135670950791857,0.7842857142857141,0.24135670950791857,7,35
20260402_1140_10539488,/home/vegorov/Repos/eeg_jepa_research/artifacts/lee-2019-fine-tuning/SSVEP/20260402_1140_10539488,/home/vegorov/Repos/eeg_jepa_research/artifacts/lee-2019-fine-tuning,3008,True,128,0.5,40.0,False,True,robust,0.001,"[48, 49, 50, 52, 53, 54]",SSVEP,5,0.2,32,5000,50,https://huggingface.co/braindecode/SignalJEPA/resolve/main/signal-jepa_16s-60_adeuwv4s.pth,auto,20260402_1140_10539488,/home/vegorov/Repos/eeg_jepa_research/artifacts/lee-2019-fine-tuning/SSVEP/20260402_1140_10539488,"['48', '49', '50', '52', '53', '54']",SignalJEPA_PreLocal,https://huggingface.co/braindecode/SignalJEPA/resolve/main/signal-jepa_16s-60_adeuwv4s.pth,0.8466666666666666,0.19829831623647798,0.8466666666666666,0.19829831623647798,6,30,0.8466666666666666,0.19829831623647798,0.8466666666666666,0.19829831623647798,6,30
20260402_1152_a9933d00,/home/vegorov/Repos/eeg_jepa_research/artifacts/lee-2019-fine-tuning/SSVEP/20260402_1152_a9933d00,/home/vegorov/Repos/eeg_jepa_research/artifacts/lee-2019-fine-tuning,3008,True,128,0.5,40.0,True,False,,0.001,"[48, 49, 50, 51, 52, 53, 54]",SSVEP,5,0.2,32,5000,50,https://huggingface.co/braindecode/SignalJEPA/resolve/main/signal-jepa_16s-60_adeuwv4s.pth,auto,20260402_1152_a9933d00,/home/vegorov/Repos/eeg_jepa_research/artifacts/lee-2019-fine-tuning/SSVEP/20260402_1152_a9933d00,"['48', '49', '50', '51', '52', '53', '54']",SignalJEPA_PreLocal,https://huggingface.co/braindecode/SignalJEPA/resolve/main/signal-jepa_16s-60_adeuwv4s.pth,0.7857142857142858,0.24040781677671577,0.7857142857142858,0.24040781677671577,7,35,0.7857142857142858,0.24040781677671577,0.7857142857142858,0.24040781677671577,7,35
20260402_1205_29e654bc,/home/vegorov/Repos/eeg_jepa_research/artifacts/lee-2019-fine-tuning/SSVEP/20260402_1205_29e654bc,/home/vegorov/Repos/eeg_jepa_research/artifacts/lee-2019-fine-tuning,3008,True,128,0.5,40.0,True,False,,0.001,"[48, 49, 50, 52, 53, 54]",SSVEP,5,0.2,32,5000,50,https://huggingface.co/braindecode/SignalJEPA/resolve/main/signal-jepa_16s-60_adeuwv4s.pth,auto,20260402_1205_29e654bc,/home/vegorov/Repos/eeg_jepa_research/artifacts/lee-2019-fine-tuning/SSVEP/20260402_1205_29e654bc,"['48', '49', '50', '52', '53', '54']",SignalJEPA_PreLocal,https://huggingface.co/braindecode/SignalJEPA/resolve/main/signal-jepa_16s-60_adeuwv4s.pth,0.8583333333333335,0.16984470030655127,0.8583333333333335,0.16984470030655127,6,30,0.8583333333333335,0.16984470030655127,0.8583333333333335,0.16984470030655127,6,30
20260402_1217_1cd1e826,/home/vegorov/Repos/eeg_jepa_research/artifacts/lee-2019-fine-tuning/SSVEP/20260402_1217_1cd1e826,/home/vegorov/Repos/eeg_jepa_research/artifacts/lee-2019-fine-tuning,42,True,128,0.5,40.0,True,False,,0.001,"[48, 49, 50, 51, 52, 53, 54]",SSVEP,5,0.2,32,5000,50,https://huggingface.co/braindecode/SignalJEPA/resolve/main/signal-jepa_16s-60_adeuwv4s.pth,auto,20260402_1217_1cd1e826,/home/vegorov/Repos/eeg_jepa_research/artifacts/lee-2019-fine-tuning/SSVEP/20260402_1217_1cd1e826,"['48', '49', '50', '51', '52', '53', '54']",SignalJEPA_PreLocal,https://huggingface.co/braindecode/SignalJEPA/resolve/main/signal-jepa_16s-60_adeuwv4s.pth,0.7914285714285714,0.25897758156856365,0.7914285714285715,0.25897758156856365,7,35,0.7914285714285714,0.25897758156856365,0.7914285714285715,0.25897758156856365,7,35
20260402_1231_c4ae734d,/home/vegorov/Repos/eeg_jepa_research/artifacts/lee-2019-fine-tuning/SSVEP/20260402_1231_c4ae734d,/home/vegorov/Repos/eeg_jepa_research/artifacts/lee-2019-fine-tuning,42,True,128,0.5,40.0,True,False,,0.001,"[48, 49, 50, 52, 53, 54]",SSVEP,5,0.2,32,5000,50,https://huggingface.co/braindecode/SignalJEPA/resolve/main/signal-jepa_16s-60_adeuwv4s.pth,auto,20260402_1231_c4ae734d,/home/vegorov/Repos/eeg_jepa_research/artifacts/lee-2019-fine-tuning/SSVEP/20260402_1231_c4ae734d,"['48', '49', '50', '52', '53', '54']",SignalJEPA_PreLocal,https://huggingface.co/braindecode/SignalJEPA/resolve/main/signal-jepa_16s-60_adeuwv4s.pth,0.8749999999999999,0.1682012683265696,0.875,0.1682012683265696,6,30,0.8749999999999999,0.1682012683265696,0.875,0.1682012683265696,6,30
